
{
  "/Users/roger/Desktop/Docker/.synopsys/polaris/data/coverity/2022.12.0/idir/cov-capture/2023-03-14_08_54_10/compiler-config/sources/template-capture-config-files-config-0/coverity_config.xml" : 
  {
    "Emit" : 
    [
      
      {
        "CompilerName" : "cov-filesystem-capture-capture-config-files-0",
        "DependencyInfo" : 
        {
          "Dependencies" : []
        },
        "Language" : "Configuration Files",
        "SourceInfo" : 
        {
          "Sources" : 
          {
            "SOURCE" : 
            [
              "/Users/roger/Desktop/Docker/.dccache",
              "/Users/roger/Desktop/Docker/README.md",
              "/Users/roger/Desktop/Docker/polaris.yml",
              "/Users/roger/Desktop/Docker/repos/README.md",
              "/Users/roger/Desktop/Docker/repos/src/_alpine_1/Dockerfile",
              "/Users/roger/Desktop/Docker/repos/src/_alpine_1/docker-compose.yml",
              "/Users/roger/Desktop/Docker/repos/src/_busybox_1/Dockerfile",
              "/Users/roger/Desktop/Docker/repos/src/_busybox_1/docker-compose.yml",
              "/Users/roger/Desktop/Docker/repos/src/_nodejs_1/Dockerfile",
              "/Users/roger/Desktop/Docker/repos/src/_nodejs_1/README.md",
              "/Users/roger/Desktop/Docker/repos/src/_nodejs_1/docker-compose.yml",
              "/Users/roger/Desktop/Docker/repos/src/_nodejs_1/src/config.json",
              "/Users/roger/Desktop/Docker/repos/src/_nodejs_1/src/package.json",
              "/Users/roger/Desktop/Docker/repos/src/_nodejs_1/src/public/css/bootstrap.min.css",
              "/Users/roger/Desktop/Docker/repos/src/_nodejs_1/src/public/css/chat.css",
              "/Users/roger/Desktop/Docker/repos/src/_nodejs_1/src/public/css/emojione.min.css",
              "/Users/roger/Desktop/Docker/repos/src/_nodejs_1/src/public/css/jquery-ui.css",
              "/Users/roger/Desktop/Docker/repos/src/_nodejs_1/src/public/css/ripples.css",
              "/Users/roger/Desktop/Docker/repos/src/_nodejs_1/src/public/fonts/Material-Design-Icons.eot",
              "/Users/roger/Desktop/Docker/repos/src/_nodejs_1/src/public/fonts/Material-Design-Icons.woff",
              "/Users/roger/Desktop/Docker/repos/src/_nodejs_1/src/public/fonts/glyphicons-halflings-regular.woff",
              "/Users/roger/Desktop/Docker/repos/src/_nodejs_1/src/views/index.ejs",
              "/Users/roger/Desktop/Docker/repos/src/_powershell_1/Dockerfile",
              "/Users/roger/Desktop/Docker/repos/src/_powershell_1/docker-compose.yml",
              "/Users/roger/Desktop/Docker/repos/src/_python_1/Dockerfile",
              "/Users/roger/Desktop/Docker/repos/src/_python_1/docker-compose.yml",
              "/Users/roger/Desktop/Docker/repos/src/_python_1/requirements.txt",
              "/Users/roger/Desktop/Docker/repos/src/_twitter_1/Dockerfile",
              "/Users/roger/Desktop/Docker/repos/src/_twitter_1/docker-compose.yml",
              "/Users/roger/Desktop/Docker/repos/src/_ubuntu_1/Dockerfile",
              "/Users/roger/Desktop/Docker/repos/src/_ubuntu_1/docker-compose.yml"
            ]
          }
        },
        "Type" : "SOURCE"
      }
    ],
    "Mode" : "Source",
    "State" : 
    {
      "Administrative" : "Succeeded",
      "Operational" : "Completed"
    },
    "Status" : "OK",
    "Telemetry" : 
    [
      
      {
        "Data" : 
        {
          "NewState" : 
          {
            "Administrative" : "Emitted",
            "Operational" : "Inspected"
          },
          "PreviousState" : 
          {
            "Administrative" : "Inspected",
            "Operational" : "Inspected"
          },
          "ProjectFile" : "."
        },
        "DateTime" : "2023-03-14T08:54:14.126833",
        "EventType" : "StateTransition",
        "Type" : "EVENT"
      },
      
      {
        "Data" : 
        {
          "NewState" : 
          {
            "Administrative" : "Emitted",
            "Operational" : "Emitting"
          },
          "PreviousState" : 
          {
            "Administrative" : "Emitted",
            "Operational" : "Inspected"
          },
          "ProjectFile" : "."
        },
        "DateTime" : "2023-03-14T08:54:14.127720",
        "EventType" : "StateTransition",
        "Type" : "EVENT"
      },
      
      {
        "Data" : 
        {
          "NewState" : 
          {
            "Administrative" : "Emitted",
            "Operational" : "Emitted"
          },
          "PreviousState" : 
          {
            "Administrative" : "Emitted",
            "Operational" : "Emitting"
          },
          "ProjectFile" : "."
        },
        "DateTime" : "2023-03-14T08:54:14.215516",
        "EventType" : "StateTransition",
        "Type" : "EVENT"
      },
      
      {
        "Data" : 
        {
          "NewState" : 
          {
            "Administrative" : "Succeeded",
            "Operational" : "Emitted"
          },
          "PreviousState" : 
          {
            "Administrative" : "Emitted",
            "Operational" : "Emitted"
          },
          "ProjectFile" : "."
        },
        "DateTime" : "2023-03-14T08:54:14.215627",
        "EventType" : "StateTransition",
        "Type" : "EVENT"
      },
      
      {
        "Data" : 
        {
          "NewState" : 
          {
            "Administrative" : "Succeeded",
            "Operational" : "Completed"
          },
          "PreviousState" : 
          {
            "Administrative" : "Succeeded",
            "Operational" : "Emitted"
          },
          "ProjectFile" : "."
        },
        "DateTime" : "2023-03-14T08:54:14.215675",
        "EventType" : "StateTransition",
        "Type" : "EVENT"
      }
    ]
  },
  "/Users/roger/Desktop/Docker/.synopsys/polaris/data/coverity/2022.12.0/idir/cov-capture/2023-03-14_08_54_10/compiler-config/sources/template-javascript-config-0/coverity_config.xml" : 
  {
    "Emit" : 
    [
      
      {
        "CompilerName" : "cov-filesystem-capture-javascript-0",
        "DependencyInfo" : 
        {
          "Dependencies" : []
        },
        "Language" : "JavaScript",
        "SourceInfo" : 
        {
          "Sources" : 
          {
            "SOURCE" : 
            [
              "/Users/roger/Desktop/Docker/repos/src/_nodejs_1/src/app.js",
              "/Users/roger/Desktop/Docker/repos/src/_nodejs_1/src/lib/log.js",
              "/Users/roger/Desktop/Docker/repos/src/_nodejs_1/src/lib/utils.js",
              "/Users/roger/Desktop/Docker/repos/src/_nodejs_1/src/public/css/material-wfont.min.css.map",
              "/Users/roger/Desktop/Docker/repos/src/_nodejs_1/src/public/css/ripples.css.map",
              "/Users/roger/Desktop/Docker/repos/src/_nodejs_1/src/public/js/bootstrap.min.js",
              "/Users/roger/Desktop/Docker/repos/src/_nodejs_1/src/public/js/chat.js",
              "/Users/roger/Desktop/Docker/repos/src/_nodejs_1/src/public/js/complete.ly.1.0.1.min.js",
              "/Users/roger/Desktop/Docker/repos/src/_nodejs_1/src/public/js/emojione.min.js",
              "/Users/roger/Desktop/Docker/repos/src/_nodejs_1/src/public/js/material.min.js",
              "/Users/roger/Desktop/Docker/repos/src/_nodejs_1/src/public/js/material.min.js.map",
              "/Users/roger/Desktop/Docker/repos/src/_nodejs_1/src/public/js/ripples.min.js",
              "/Users/roger/Desktop/Docker/repos/src/_nodejs_1/src/public/js/ripples.min.js.map",
              "/Users/roger/Desktop/Docker/repos/src/_nodejs_1/src/public/js/sockjs-0.3.min.js"
            ]
          }
        },
        "Type" : "SOURCE"
      }
    ],
    "Mode" : "Source",
    "State" : 
    {
      "Administrative" : "Succeeded",
      "Operational" : "Completed"
    },
    "Status" : "OK",
    "Telemetry" : 
    [
      
      {
        "Data" : 
        {
          "NewState" : 
          {
            "Administrative" : "Emitted",
            "Operational" : "Inspected"
          },
          "PreviousState" : 
          {
            "Administrative" : "Inspected",
            "Operational" : "Inspected"
          },
          "ProjectFile" : "."
        },
        "DateTime" : "2023-03-14T08:54:14.215769",
        "EventType" : "StateTransition",
        "Type" : "EVENT"
      },
      
      {
        "Data" : 
        {
          "NewState" : 
          {
            "Administrative" : "Emitted",
            "Operational" : "Emitting"
          },
          "PreviousState" : 
          {
            "Administrative" : "Emitted",
            "Operational" : "Inspected"
          },
          "ProjectFile" : "."
        },
        "DateTime" : "2023-03-14T08:54:14.215813",
        "EventType" : "StateTransition",
        "Type" : "EVENT"
      },
      
      {
        "Data" : 
        {
          "NewState" : 
          {
            "Administrative" : "Emitted",
            "Operational" : "Emitted"
          },
          "PreviousState" : 
          {
            "Administrative" : "Emitted",
            "Operational" : "Emitting"
          },
          "ProjectFile" : "."
        },
        "DateTime" : "2023-03-14T08:54:14.680714",
        "EventType" : "StateTransition",
        "Type" : "EVENT"
      },
      
      {
        "Data" : 
        {
          "NewState" : 
          {
            "Administrative" : "Succeeded",
            "Operational" : "Emitted"
          },
          "PreviousState" : 
          {
            "Administrative" : "Emitted",
            "Operational" : "Emitted"
          },
          "ProjectFile" : "."
        },
        "DateTime" : "2023-03-14T08:54:14.680827",
        "EventType" : "StateTransition",
        "Type" : "EVENT"
      },
      
      {
        "Data" : 
        {
          "NewState" : 
          {
            "Administrative" : "Succeeded",
            "Operational" : "Completed"
          },
          "PreviousState" : 
          {
            "Administrative" : "Succeeded",
            "Operational" : "Emitted"
          },
          "ProjectFile" : "."
        },
        "DateTime" : "2023-03-14T08:54:14.680875",
        "EventType" : "StateTransition",
        "Type" : "EVENT"
      }
    ]
  },
  "/Users/roger/Desktop/Docker/.synopsys/polaris/data/coverity/2022.12.0/idir/cov-capture/2023-03-14_08_54_10/compiler-config/sources/template-python-config-0/coverity_config.xml" : 
  {
    "Emit" : 
    [
      
      {
        "CompilerName" : "cov-filesystem-capture-python-0",
        "DependencyInfo" : 
        {
          "Dependencies" : []
        },
        "Language" : "Python",
        "SourceInfo" : 
        {
          "Sources" : 
          {
            "SOURCE" : [ "/Users/roger/Desktop/Docker/repos/src/_python_1/app.py" ]
          }
        },
        "Type" : "SOURCE"
      }
    ],
    "Mode" : "Source",
    "State" : 
    {
      "Administrative" : "Succeeded",
      "Operational" : "Completed"
    },
    "Status" : "OK",
    "Telemetry" : 
    [
      
      {
        "Data" : 
        {
          "NewState" : 
          {
            "Administrative" : "Emitted",
            "Operational" : "Inspected"
          },
          "PreviousState" : 
          {
            "Administrative" : "Inspected",
            "Operational" : "Inspected"
          },
          "ProjectFile" : "."
        },
        "DateTime" : "2023-03-14T08:54:14.680933",
        "EventType" : "StateTransition",
        "Type" : "EVENT"
      },
      
      {
        "Data" : 
        {
          "NewState" : 
          {
            "Administrative" : "Emitted",
            "Operational" : "Emitting"
          },
          "PreviousState" : 
          {
            "Administrative" : "Emitted",
            "Operational" : "Inspected"
          },
          "ProjectFile" : "."
        },
        "DateTime" : "2023-03-14T08:54:14.680978",
        "EventType" : "StateTransition",
        "Type" : "EVENT"
      },
      
      {
        "Data" : 
        {
          "NewState" : 
          {
            "Administrative" : "Emitted",
            "Operational" : "Emitted"
          },
          "PreviousState" : 
          {
            "Administrative" : "Emitted",
            "Operational" : "Emitting"
          },
          "ProjectFile" : "."
        },
        "DateTime" : "2023-03-14T08:54:14.741636",
        "EventType" : "StateTransition",
        "Type" : "EVENT"
      },
      
      {
        "Data" : 
        {
          "NewState" : 
          {
            "Administrative" : "Succeeded",
            "Operational" : "Emitted"
          },
          "PreviousState" : 
          {
            "Administrative" : "Emitted",
            "Operational" : "Emitted"
          },
          "ProjectFile" : "."
        },
        "DateTime" : "2023-03-14T08:54:14.741761",
        "EventType" : "StateTransition",
        "Type" : "EVENT"
      },
      
      {
        "Data" : 
        {
          "NewState" : 
          {
            "Administrative" : "Succeeded",
            "Operational" : "Completed"
          },
          "PreviousState" : 
          {
            "Administrative" : "Succeeded",
            "Operational" : "Emitted"
          },
          "ProjectFile" : "."
        },
        "DateTime" : "2023-03-14T08:54:14.741816",
        "EventType" : "StateTransition",
        "Type" : "EVENT"
      }
    ]
  }
}
