<?xml version="1.0" encoding="UTF-8"?>
<!DOCTYPE coverity SYSTEM "coverity_config.dtd">
<coverity>
<!-- THIS FILE IS AUTOMATICALLY GENERATED - YOU MAY ADD XML ENTITIES -->
<!-- TO UPDATE THE COMPILER CONFIGURATION AFTER THE begin_command_line_config CLOSING TAG. -->
    <cit_version>1</cit_version>
    <config>
      <build>
        <compiler>
          <template_compiler>true</template_compiler>
          <comp_name>cov-filesystem-capture-javafs-0</comp_name>
          <comp_translator>javafs</comp_translator>
          <comp_lang>Static Java</comp_lang>
          <comp_generic>javafs</comp_generic>
          <file_include_pattern>^.*\.java$</file_include_pattern>
        </compiler>
        <options>
          <id>javafs-cov-filesystem-capture-javafs-0-.*</id>
          <begin_command_line_config></begin_command_line_config>
        </options>
      </build>
    </config>
    <md5>fd204989e6d3c179e5066e99a3d19278</md5>
</coverity>

