<?xml version="1.0" encoding="UTF-8"?>
<!DOCTYPE coverity SYSTEM "coverity_config.dtd">
<coverity>
<!-- THIS FILE IS AUTOMATICALLY GENERATED - YOU MAY ADD XML ENTITIES -->
<!-- TO UPDATE THE COMPILER CONFIGURATION AFTER THE begin_command_line_config ENTITY. -->

    <cit_version>1</cit_version>
    <config>
      <build>
        <compiler>
          <comp_name>cov-filesystem-capture-javascript-0</comp_name>
          <comp_translator>javascript</comp_translator>
          <comp_lang>Non Compiled</comp_lang>
          <comp_front_end>cov-internal-emit-misc</comp_front_end>
          <comp_desc>JavaScript Filesystem Capture (javascript)</comp_desc>
          <comp_generic>javascript</comp_generic>
          <id>javascript-cov-filesystem-capture-javascript-0-c8f9de1601ea66885a3e53408842da4f-0</id>
          <is_compiler>true</is_compiler>
          <is_linker>false</is_linker>
        </compiler>
        <options>
          <id>javascript-cov-filesystem-capture-javascript-0-c8f9de1601ea66885a3e53408842da4f-0</id>
          <template_config_option_id>javascript-cov-filesystem-capture-javascript-0-.*</template_config_option_id>
          <compile_options></compile_options>
          <prepend_arg>--language=javascript</prepend_arg>
          <split>
            <options>
              <prepend_arg>-coverity_source=non_compiled</prepend_arg>
            </options>
          </split>
          <expand>
            <options>
              <intern_split_response_file_fn>line_split</intern_split_response_file_fn>
            </options>
          </expand>
          <begin_command_line_config></begin_command_line_config>
        </options>
      </build>
    </config>
    <md5>a2c70bedf30c88e9fec90fe2f43b438a</md5>
</coverity>

